Feature,Feature_Value,SHAP_Value,Absolute_SHAP
V14,-9.88721406724695,3.057517,3.057517
V12,-11.9608660326622,1.9939258,1.9939258
V10,-12.6959474039839,1.1597177,1.1597177
V4,8.69861009281133,0.79206693,0.79206693
V16,-11.3502438549644,0.61702555,0.61702555
V17,-21.7101876525534,0.5574208,0.5574208
V8,8.21819051252864,-0.393929,0.393929
V7,-14.0192907576919,0.3906312,0.3906312
V3,-13.4556359425571,0.28971604,0.28971604
V21,2.54962823474498,0.24263516,0.24263516
V19,3.62971365041526,0.24239965,0.24239965
V11,5.58936163192341,0.21058889,0.21058889
V15,0.6339792179337,-0.18975382,0.18975382
V28,-0.747361321404312,-0.1745342,0.1745342
Amount,59.68,-0.1465975,0.1465975
V20,-0.84330261969681,0.12160674,0.12160674
V22,-0.532227763596568,-0.09697881,0.09697881
V18,-8.85945192496352,-0.08075583,0.08075583
V13,1.53867076186333,-0.079351135,0.079351135
V24,0.673209169467055,-0.07605613,0.07605613
V5,-11.4795517833437,-0.07128382,0.07128382
V9,-7.93089996826719,0.06782176,0.06782176
V2,6.72050777097643,-0.058120556,0.058120556
V1,-12.9809425647533,0.03040284,0.03040284
V26,-0.0061678581900246,-0.02967812,0.02967812
V6,-2.68151865053833,-0.027869012,0.027869012
Time,41305.0,-0.022619983,0.022619983
V23,-0.235096473604284,0.011669572,0.011669572
V25,0.22659797207791,-0.010770847,0.010770847
V27,-1.18569550568181,-0.0070259594,0.0070259594
