Time,V1,V2,V3,V4,V5,V6,V7,V8,V9,V10,V11,V12,V13,V14,V15,V16,V17,V18,V19,V20,V21,V22,V23,V24,V25,V26,V27,V28,Amount,True_Class,Fraud_Probability,Predicted_Class,Outcome
67571.0,-0.758468652663917,-0.0454102784513458,-0.168438290153528,-1.31327481447103,-1.9017625315847,0.739433414882114,3.07189204639003,-0.483422244220096,0.61820276215476,-1.7690597207318,-0.651414013964987,-0.0054232908009888,-0.517194341398293,0.217469760178719,0.883558824493356,-1.17397764863161,0.24334710955825,-0.342300728238465,0.68705620239513,-0.0324998988871344,0.0426194565214976,0.397223782011498,0.0722288654476503,-0.242275996603303,0.560916469624214,-0.540954584325348,0.150606446374032,-0.117140114799884,549.06,1,0.00024279772,0,FN
79540.0,-0.114360703589856,1.03612940153875,1.98440526119199,3.12824327369048,-0.740343559582751,1.54861869623,-1.70128395465886,-2.20384174839674,-1.24226477538834,0.269561809170344,1.29341829662131,0.933215784460268,-0.135325960632637,0.521483689902165,0.386884188055331,0.0598689535627266,0.306339379229928,0.265051988857439,0.223718288348024,0.732852498432027,-1.03293465200213,1.19642831010463,-0.112856718234204,0.254718993156121,0.69666788609654,0.482370416673402,0.129969314476127,0.223924333790406,0.2,1,0.00030797112,0,FN
34521.0,1.08123377540659,0.416413936043849,0.862918740651629,2.52086280678918,-0.0050205000585141,0.563341022808024,-0.123372251574041,0.223121852791809,-0.673597550149872,0.644549730341658,1.1205051770709,1.23777331256672,0.342362114422749,0.0383719793321978,-1.19450308848281,0.0854063439558358,-0.219143226460215,-0.694259215394403,-0.655269928208246,-0.16524877677618,-0.159387123973102,-0.305154013019185,0.0536197364326817,0.0117614442207135,0.375145782072105,-0.106298753298543,0.0210082653765087,0.0105592082435436,1.52,1,0.0006902082,0,FN
152710.0,0.0510754846328574,1.31042652386526,0.733222065309853,2.62028192286183,1.40235761449282,0.528488564738172,1.08601442622803,-0.146422713225732,-1.72433297471822,1.28016674259048,0.470864719590572,0.43554195900858,0.594974116113431,-0.142098601080574,-2.02473460275883,0.828290651436422,-1.27478714656577,0.134277305184542,-1.48943421708841,-0.125876996990695,0.229936134951611,0.766926566765976,-0.189623667620704,0.766852957965077,-0.141400750027805,-0.0772779620355944,-0.29759539535716,-0.221816034161724,2.47,1,0.0020972844,0,FN
122608.0,-2.00345953080582,-7.15904171709445,-4.05097631587393,1.30957974749918,-2.05810158798669,-0.0986209270722274,2.88008272715204,-0.727484046608914,1.4603805509699,-1.53160798206082,-1.39432826167269,-0.220718797789479,-1.53099043146804,1.0752476539262,0.388383209307268,-0.660655352312646,0.0933209955444861,0.335742221574637,0.0575510393537501,3.97321702726744,1.24428677489095,-1.01523228673153,-1.80098486605048,0.657585626965743,-0.435617246752788,-0.894508922176968,-0.39755738695085,0.314261714087509,2125.87,1,0.0025285303,0,FN
70828.0,0.196706751987779,1.18975728641634,0.704882217511495,2.89138777331251,0.0455553693851548,1.24573045976205,-1.19871420021049,-2.42161641083942,-1.23208864617238,0.324238886093679,-1.27393508028395,-0.868686295319925,-1.18194465496857,1.0275841718551,1.68813234484864,0.256215978185418,0.120608339589106,-0.0523460171330233,0.329826631850516,0.646616407050903,-1.32813178943378,0.189310618105111,-0.005524183595721,-0.814707739467747,0.400924279960331,0.286281378755055,0.135214945600326,0.257314769060283,0.76,1,0.0035495665,0,FN
165981.0,-5.76687873469586,-8.40215367768915,0.0565432462509224,6.9509829448522,9.88056402552862,-5.77319176920948,-5.74887919911031,0.721742893680168,-1.07627357886614,2.68866993252224,-1.47514531556892,-0.0504679838548109,0.11350047541885,0.98434361557577,0.363968739240705,-0.674356809209657,0.327463514418321,0.0914699151148088,1.30794073758635,2.49322389130791,0.880395096548056,-0.130435547668829,2.24147141354365,0.665345536539228,-1.89004142193457,-0.120802763842984,0.0732685585796402,0.583799418317518,0.0,1,0.009318571,0,FN
156710.0,0.202402312000145,1.1762702245705,0.346379123966988,2.88213779866317,1.40713333279049,-0.504354582435915,1.43853746015701,-0.395603478739171,-1.5551416238588,1.08151398923906,-1.51420473629918,-0.97376404264957,-0.709928478785898,0.141331683969234,-1.47031415230732,0.418268345647957,-0.828192503935611,-0.302239423372689,-1.76235002438458,-0.206238791066218,0.242560469143593,0.841230120611063,-0.370156596962237,-0.0260123796205956,0.49195423236033,0.234576263356619,-0.279788418223114,-0.331933388032899,7.59,1,0.011737369,0,FN
48533.0,1.24384844934819,0.524525772902587,-0.538883626044331,1.20919597418592,0.479537596763788,-0.19742873374782,0.0491662598481355,0.0377916321310988,0.128118590882765,-0.552902906422504,-0.668358831257417,-0.818803693746743,-0.883832091051869,-0.994580854433906,1.50684875024006,0.62400331534091,0.705794271683871,0.524181774270524,-0.73174984602915,-0.171540654731681,-0.0516598862539047,-0.0840894090242923,-0.192846388954053,-0.917391985542652,0.681952813037122,-0.194418574345634,0.0459171449577401,0.0401359980627264,1.0,1,0.012764186,0,FN
67857.0,-1.73933378422429,-1.30465465035444,0.314102907291187,0.0537401062585881,-0.0586957001779964,0.0712595573040713,0.694861852921962,-0.313269934817745,-0.649377114028123,0.517567879914365,-1.35655775612738,-0.238382663867126,0.0695790190825196,-0.431690053731737,-0.674723889299605,-1.65416180710569,-0.0539606012956825,0.520745840192804,-1.55456174696529,-1.46399432399357,-0.665172078751849,-0.632078028662709,-0.421175799634968,-0.400774352865197,-0.001640301894043,-0.495162312868153,0.0316326197006312,0.0662796878513276,320.0,1,0.017659223,0,FN
52814.0,-1.10184700698197,-1.63244121283891,0.901066556872515,0.847752885502341,-1.24909072939532,0.654936785498635,1.44886782586722,0.0233079125519542,-0.136742416820243,-0.150129182778684,1.17235508293037,-0.795988136674965,-2.13695096583302,0.578869439330842,1.4121147225086,0.0134668068434063,-0.119204381070058,0.826814373772222,0.476859902488945,1.23027784051309,0.610653920616913,0.835795006603528,1.17995542066426,-0.0290908864225033,-0.300895693792436,0.699174952578756,-0.33607170899039,-0.177586827857027,519.9,1,0.021872941,0,FN
166831.0,-2.02713542158538,-1.13189035724166,-1.13519425354743,1.08696263677666,-0.0105473464481483,0.423796701647855,3.79088017117747,-1.15559509817023,-0.0634335699320076,1.33441406239882,1.03201558219625,-0.722023081820061,-1.53323965243517,0.334119448067333,0.297478860324539,-0.429391896447094,-0.824644210487403,0.489667798839098,0.87334427153726,0.0338040154798561,-0.315104559619618,0.575519699616524,0.490842008633879,0.756502366364478,-0.142685358889407,-0.602776608703914,0.508712458871011,-0.091645525701271,634.3,1,0.026050195,0,FN
146998.0,-2.0642397521399,2.62973923034009,-0.748406253034646,0.694992040498764,0.418177985610222,1.39251973416781,-1.69780121912626,-6.33306461223925,1.72418428025944,-0.887241636246378,-1.59425779202416,-0.338775118165825,-0.978064513351916,-3.68882599540221,-1.48708342266887,0.526946020771924,2.34702289955703,1.69122000470716,-0.736110693106424,-1.42448619962422,6.21551399149032,-1.27690859567394,0.459861127330875,-1.05168547489323,0.209178360382973,-0.319859444506001,0.0154338685560936,-0.0501165001659193,8.0,1,0.078645624,0,FN
139107.0,-4.66650010041278,-3.95232008590575,0.206093981663422,5.15352461752314,5.22946888229443,0.939039595033364,-0.63503285991319,-0.704506473585122,-0.234785699547585,4.03143505114991,0.983646778914785,-0.578913742704862,-0.199814214445048,-0.729706928009483,1.26671345577549,-0.842769191467021,-0.10294607389286,-0.597597212831086,1.06015422605258,-2.28613708033687,-0.664263125989277,1.82142163463065,0.113562782266408,-0.759673347196958,-0.50230409927918,0.63063883618903,-0.513880222506685,0.729525850100835,22.47,1,0.09215833,0,FN
64443.0,1.07952397806913,0.872988038728802,-0.303850487243895,2.75536885087579,0.301687623167546,-0.350283737195093,-0.0428479677130716,0.246624608381391,-0.779175595769242,-0.157696445821874,1.92856763203456,-0.935863286411531,-2.43144644518658,-1.63347202401986,0.534336652706283,1.42560550367097,1.59352878606579,1.17846784575361,-1.56869755794851,-0.252115099030468,-0.023254784527163,-0.158600833910515,-0.0388061577093773,-0.0603272546840962,0.358338898397498,0.0769835703935526,0.0189358319830432,0.0605741494833015,0.0,1,0.3839182,0,FN
25426.0,1.12533553530785,1.13014648418496,-0.962975334759173,2.67568785863118,0.990074518469203,-0.243317741184431,0.316192138064781,0.122960131988498,-1.1433427947576,-0.369908966047961,1.83449419801385,-0.491243315415958,-1.12990700459946,-2.23862224442526,0.27846874170613,1.47792560308038,1.77645429510255,1.14928218583042,-1.30699464468423,-0.138813697509247,-0.166736918429935,-0.52193383894905,-0.112376257435029,-0.592076750460089,0.520791314299405,0.0433535805717847,0.0151590212632604,0.0636117222853327,3.76,1,0.5469765,0,FN
155548.0,1.87823003111341,1.32562957435462,-2.33346899289515,4.23315121365749,1.35518399558821,-0.853508247169998,0.716025067921391,-0.164909788991874,-1.50234450491057,0.259411077154011,1.45123754814542,-0.280523276849375,-0.756794072389194,-2.75755676655084,-1.70628501758252,1.58746039125258,1.92934969114042,1.18943290293776,-1.53016232603362,-0.226108020608619,-0.152130790009807,-0.360735866229707,0.0434144058266633,-0.242379535720923,0.171097766325585,-0.0026009879775509,-0.0266665673926497,0.0052376673818857,7.06,1,0.7138546,0,FN
